YEAR_MONTH,NHÓM,TOTAL_SALE,CPI_YOY_PCT,INTEREST_RATE_PCT,GDP_GROWTH_PCT
2020-01,01XXXX,26214942.0,6.43,6.0,3.68
2020-01,02XXXX,27515178.0,6.43,6.0,3.68
2020-01,03XXXX,684958.0,6.43,6.0,3.68
2020-01,04XXXX,208028420.0,6.43,6.0,3.68
2020-01,05XXXX,5736220.0,6.43,6.0,3.68
2020-01,06XXXX,25293338.0,6.43,6.0,3.68
2020-01,07PROU,37229696.0,6.43,6.0,3.68
2020-01,07XXXX,75255545.0,6.43,6.0,3.68
2020-01,08XXXX,1763315.0,6.43,6.0,3.68
2020-01,09XXXX,3174852.0,6.43,6.0,3.68
2020-01,10XXXX,156850.0,6.43,6.0,3.68
2020-01,12XXXX,1574840.0,6.43,6.0,3.68
2020-01,14XXXX,1944774.0,6.43,6.0,3.68
2020-01,15BN03,1040878.0,6.43,6.0,3.68
2020-01,15XXXX,2843.0,6.43,6.0,3.68
2020-01,16XXXX,112113.0,6.43,6.0,3.68
2020-02,01XXXX,27556429.0,5.91,6.0,3.68
2020-02,02XXXX,42662287.0,5.91,6.0,3.68
2020-02,03XXXX,679313.0,5.91,6.0,3.68
2020-02,04XXXX,258153697.0,5.91,6.0,3.68
2020-02,05XXXX,3772523.0,5.91,6.0,3.68
2020-02,06XXXX,39025530.0,5.91,6.0,3.68
2020-02,07PROU,35536676.0,5.91,6.0,3.68
2020-02,07XXXX,66937787.0,5.91,6.0,3.68
2020-02,08XXXX,1354077.0,5.91,6.0,3.68
2020-02,09XXXX,4099915.0,5.91,6.0,3.68
2020-02,10XXXX,88320.0,5.91,6.0,3.68
2020-02,12XXXX,2045332.0,5.91,6.0,3.68
2020-02,14XXXX,1709264.0,5.91,6.0,3.68
2020-02,15BN03,897910.0,5.91,6.0,3.68
2020-02,15XXXX,3067.0,5.91,6.0,3.68
2020-02,16XXXX,39146.0,5.91,6.0,3.68
2020-03,01XXXX,28229005.0,4.86,5.0,3.68
2020-03,02XXXX,32028348.0,4.86,5.0,3.68
2020-03,03XXXX,1118878.0,4.86,5.0,3.68
2020-03,04XXXX,313123008.0,4.86,5.0,3.68
2020-03,05XXXX,5597788.0,4.86,5.0,3.68
2020-03,06XXXX,17305632.0,4.86,5.0,3.68
2020-03,07PROU,41794638.0,4.86,5.0,3.68
2020-03,07XXXX,89243084.0,4.86,5.0,3.68
2020-03,08XXXX,8310473.0,4.86,5.0,3.68
2020-03,09XXXX,5099196.0,4.86,5.0,3.68
2020-03,10XXXX,150155.0,4.86,5.0,3.68
2020-03,12XXXX,2619671.0,4.86,5.0,3.68
2020-03,14XXXX,1696534.0,4.86,5.0,3.68
2020-03,15BN03,911304.0,4.86,5.0,3.68
2020-03,15XXXX,3885.0,4.86,5.0,3.68
2020-03,16XXXX,93046.0,4.86,5.0,3.68
2020-04,01XXXX,36437167.0,2.93,5.0,0.39
2020-04,02XXXX,34583182.0,2.93,5.0,0.39
2020-04,03XXXX,1091882.0,2.93,5.0,0.39
2020-04,04XXXX,279895570.0,2.93,5.0,0.39
2020-04,05XXXX,4487284.0,2.93,5.0,0.39
2020-04,06XXXX,34413329.0,2.93,5.0,0.39
2020-04,07PROU,40785902.0,2.93,5.0,0.39
2020-04,07XXXX,87379207.0,2.93,5.0,0.39
2020-04,08XXXX,1519297.0,2.93,5.0,0.39
2020-04,09XXXX,5636519.0,2.93,5.0,0.39
2020-04,10XXXX,190384.0,2.93,5.0,0.39
2020-04,12XXXX,2878296.0,2.93,5.0,0.39
2020-04,14XXXX,1464848.0,2.93,5.0,0.39
2020-04,15BN03,923809.0,2.93,5.0,0.39
2020-04,15XXXX,2307.0,2.93,5.0,0.39
2020-04,16XXXX,56937.0,2.93,5.0,0.39
2020-05,01XXXX,40959223.0,2.4,4.5,0.39
2020-05,02XXXX,37071303.0,2.4,4.5,0.39
2020-05,03XXXX,1214200.0,2.4,4.5,0.39
2020-05,04XXXX,270450620.0,2.4,4.5,0.39
2020-05,05XXXX,5053575.0,2.4,4.5,0.39
2020-05,06XXXX,28620993.0,2.4,4.5,0.39
2020-05,07PROU,41294545.0,2.4,4.5,0.39
2020-05,07XXXX,94001488.0,2.4,4.5,0.39
2020-05,08XXXX,1181045.0,2.4,4.5,0.39
2020-05,09XXXX,2093996.0,2.4,4.5,0.39
2020-05,10XXXX,175223.0,2.4,4.5,0.39
2020-05,12XXXX,2920424.0,2.4,4.5,0.39
2020-05,14XXXX,2432641.0,2.4,4.5,0.39
2020-05,15BN03,1326525.0,2.4,4.5,0.39
2020-05,15XXXX,4067.0,2.4,4.5,0.39
2020-05,16XXXX,64506.0,2.4,4.5,0.39
2020-05,18XXXX,42420.0,2.4,4.5,0.39
2020-06,01XXXX,36220244.0,3.17,4.5,0.39
2020-06,02XXXX,37888088.0,3.17,4.5,0.39
2020-06,03XXXX,909669.0,3.17,4.5,0.39
2020-06,04XXXX,315197681.0,3.17,4.5,0.39
2020-06,05XXXX,4816761.0,3.17,4.5,0.39
2020-06,06XXXX,45940997.0,3.17,4.5,0.39
2020-06,07PROU,37179867.0,3.17,4.5,0.39
2020-06,07XXXX,88056555.0,3.17,4.5,0.39
2020-06,08XXXX,13556528.0,3.17,4.5,0.39
2020-06,09XXXX,1511875.0,3.17,4.5,0.39
2020-06,10XXXX,147173.0,3.17,4.5,0.39
2020-06,12XXXX,2173478.0,3.17,4.5,0.39
2020-06,14XXXX,2304460.0,3.17,4.5,0.39
2020-06,15BN03,1253576.0,3.17,4.5,0.39
2020-06,15XXXX,3876.0,3.17,4.5,0.39
2020-06,16XXXX,93250.0,3.17,4.5,0.39
2020-06,18XXXX,146622.0,3.17,4.5,0.39
2020-07,01XXXX,29621368.0,3.39,4.5,2.69
2020-07,02XXXX,32420930.0,3.39,4.5,2.69
2020-07,03XXXX,1337927.0,3.39,4.5,2.69
2020-07,04XXXX,255426198.0,3.39,4.5,2.69
2020-07,05XXXX,3866871.0,3.39,4.5,2.69
2020-07,06XXXX,41899631.0,3.39,4.5,2.69
2020-07,07PROU,41085614.0,3.39,4.5,2.69
2020-07,07XXXX,92212176.0,3.39,4.5,2.69
2020-07,08XXXX,1952469.0,3.39,4.5,2.69
2020-07,09XXXX,3957703.0,3.39,4.5,2.69
2020-07,10XXXX,148599.0,3.39,4.5,2.69
2020-07,12XXXX,2342842.0,3.39,4.5,2.69
2020-07,14XXXX,2184098.0,3.39,4.5,2.69
2020-07,15BN03,1793113.0,3.39,4.5,2.69
2020-07,15XXXX,2964.0,3.39,4.5,2.69
2020-07,16XXXX,96478.0,3.39,4.5,2.69
2020-07,18XXXX,62654.0,3.39,4.5,2.69
2020-08,01XXXX,35133728.0,3.18,4.5,2.69
2020-08,02XXXX,35196383.0,3.18,4.5,2.69
2020-08,03XXXX,739019.0,3.18,4.5,2.69
2020-08,04XXXX,306976274.0,3.18,4.5,2.69
2020-08,05XXXX,6427022.0,3.18,4.5,2.69
2020-08,06XXXX,43385882.0,3.18,4.5,2.69
2020-08,07PROU,39854907.0,3.18,4.5,2.69
2020-08,07XXXX,82396485.0,3.18,4.5,2.69
2020-08,08XXXX,4776646.0,3.18,4.5,2.69
2020-08,09XXXX,4429543.0,3.18,4.5,2.69
2020-08,10XXXX,166732.0,3.18,4.5,2.69
2020-08,12XXXX,1900748.0,3.18,4.5,2.69
2020-08,14XXXX,1781192.0,3.18,4.5,2.69
2020-08,15BN03,1407895.0,3.18,4.5,2.69
2020-08,15XXXX,3647.0,3.18,4.5,2.69
2020-08,16XXXX,69890.0,3.18,4.5,2.69
2020-08,18XXXX,27632.0,3.18,4.5,2.69
2020-09,01XXXX,33056346.0,3.18,4.5,2.69
2020-09,02XXXX,45140681.0,3.18,4.5,2.69
2020-09,03XXXX,1493707.0,3.18,4.5,2.69
2020-09,04XXXX,313046297.0,3.18,4.5,2.69
2020-09,05XXXX,4781079.0,3.18,4.5,2.69
2020-09,06XXXX,47726818.0,3.18,4.5,2.69
2020-09,07PROU,33853743.0,3.18,4.5,2.69
2020-09,07XXXX,77229050.0,3.18,4.5,2.69
2020-09,08XXXX,8821793.0,3.18,4.5,2.69
2020-09,09XXXX,4463744.0,3.18,4.5,2.69
2020-09,10XXXX,140731.0,3.18,4.5,2.69
2020-09,12XXXX,1870954.0,3.18,4.5,2.69
2020-09,14XXXX,1702927.0,3.18,4.5,2.69
2020-09,15BN03,1142292.0,3.18,4.5,2.69
2020-09,15XXXX,3507.0,3.18,4.5,2.69
2020-09,16XXXX,85950.0,3.18,4.5,2.69
2020-09,18XXXX,47378.0,3.18,4.5,2.69
2020-10,01XXXX,22423401.0,1.99,4.0,4.48
2020-10,02XXXX,36229254.0,1.99,4.0,4.48
2020-10,03XXXX,428359.0,1.99,4.0,4.48
2020-10,04XXXX,247390947.0,1.99,4.0,4.48
2020-10,05XXXX,3339779.0,1.99,4.0,4.48
2020-10,06XXXX,30014005.0,1.99,4.0,4.48
2020-10,07PROU,25640389.0,1.99,4.0,4.48
2020-10,07XXXX,57270663.0,1.99,4.0,4.48
2020-10,08XXXX,6593959.0,1.99,4.0,4.48
2020-10,09XXXX,2211863.0,1.99,4.0,4.48
2020-10,10XXXX,177735.0,1.99,4.0,4.48
2020-10,12XXXX,1113820.0,1.99,4.0,4.48
2020-10,14XXXX,1195323.0,1.99,4.0,4.48
2020-10,15BN03,1015358.0,1.99,4.0,4.48
2020-10,15XXXX,3422.0,1.99,4.0,4.48
2020-10,16XXXX,59097.0,1.99,4.0,4.48
2020-10,18XXXX,16782.0,1.99,4.0,4.48
2020-11,01XXXX,31725944.0,1.48,4.0,4.48
2020-11,02XXXX,41328035.0,1.48,4.0,4.48
2020-11,03XXXX,590647.0,1.48,4.0,4.48
2020-11,04XXXX,314832182.0,1.48,4.0,4.48
2020-11,05XXXX,3728950.0,1.48,4.0,4.48
2020-11,06XXXX,39826458.0,1.48,4.0,4.48
2020-11,07PROU,28956976.0,1.48,4.0,4.48
2020-11,07XXXX,68441790.0,1.48,4.0,4.48
2020-11,08XXXX,6604963.0,1.48,4.0,4.48
2020-11,09XXXX,2757582.0,1.48,4.0,4.48
2020-11,10XXXX,155560.0,1.48,4.0,4.48
2020-11,12XXXX,1500268.0,1.48,4.0,4.48
2020-11,14XXXX,1438389.0,1.48,4.0,4.48
2020-11,15BN03,775916.0,1.48,4.0,4.48
2020-11,15XXXX,3681.0,1.48,4.0,4.48
2020-11,16XXXX,83202.0,1.48,4.0,4.48
2020-11,18XXXX,17477.0,1.48,4.0,4.48
2020-12,01XXXX,33184378.0,0.19,4.0,4.48
2020-12,02XXXX,41701665.0,0.19,4.0,4.48
2020-12,03XXXX,871040.0,0.19,4.0,4.48
2020-12,04XXXX,295872157.0,0.19,4.0,4.48
2020-12,05XXXX,4051523.0,0.19,4.0,4.48
2020-12,06XXXX,44457065.0,0.19,4.0,4.48
2020-12,07PROU,26936927.0,0.19,4.0,4.48
2020-12,07XXXX,60453794.0,0.19,4.0,4.48
2020-12,08XXXX,11839429.0,0.19,4.0,4.48
2020-12,09XXXX,3177135.0,0.19,4.0,4.48
2020-12,10XXXX,211044.0,0.19,4.0,4.48
2020-12,12XXXX,1655108.0,0.19,4.0,4.48
2020-12,14XXXX,1388323.0,0.19,4.0,4.48
2020-12,15BN03,690524.0,0.19,4.0,4.48
2020-12,15XXXX,3328.0,0.19,4.0,4.48
2020-12,16XXXX,142436.0,0.19,4.0,4.48
2020-12,18XXXX,117637.0,0.19,4.0,4.48
2021-01,01XXXX,33647947.0,0.06,4.0,4.72
2021-01,02XXXX,29735999.0,0.06,4.0,4.72
2021-01,03XXXX,428710.0,0.06,4.0,4.72
2021-01,04XXXX,250448733.0,0.06,4.0,4.72
2021-01,05XXXX,3162562.0,0.06,4.0,4.72
2021-01,06XXXX,41479443.0,0.06,4.0,4.72
2021-01,07PROU,34234195.0,0.06,4.0,4.72
2021-01,07XXXX,63168298.0,0.06,4.0,4.72
2021-01,08XXXX,6608277.0,0.06,4.0,4.72
2021-01,09XXXX,2283470.0,0.06,4.0,4.72
2021-01,10XXXX,172139.0,0.06,4.0,4.72
2021-01,12XXXX,966116.0,0.06,4.0,4.72
2021-01,14XXXX,1509119.0,0.06,4.0,4.72
2021-01,15BN03,871482.0,0.06,4.0,4.72
2021-01,15XXXX,3538.0,0.06,4.0,4.72
2021-01,16XXXX,319762.0,0.06,4.0,4.72
2021-01,18XXXX,14018.0,0.06,4.0,4.72
2021-02,01XXXX,22749197.0,1.52,4.0,4.72
2021-02,02XXXX,28340267.0,1.52,4.0,4.72
2021-02,03XXXX,732507.0,1.52,4.0,4.72
2021-02,04XXXX,200238933.0,1.52,4.0,4.72
2021-02,05XXXX,3205286.0,1.52,4.0,4.72
2021-02,06XXXX,31217403.0,1.52,4.0,4.72
2021-02,07PROU,25178699.0,1.52,4.0,4.72
2021-02,07XXXX,65104507.0,1.52,4.0,4.72
2021-02,08XXXX,7559996.0,1.52,4.0,4.72
2021-02,09XXXX,2672501.0,1.52,4.0,4.72
2021-02,10XXXX,154062.0,1.52,4.0,4.72
2021-02,12XXXX,1240376.0,1.52,4.0,4.72
2021-02,14XXXX,1272326.0,1.52,4.0,4.72
2021-02,15BN03,828607.0,1.52,4.0,4.72
2021-02,15XXXX,1807.0,1.52,4.0,4.72
2021-02,16XXXX,479096.0,1.52,4.0,4.72
2021-02,18XXXX,12671.0,1.52,4.0,4.72
2021-03,01XXXX,33071521.0,1.31,4.0,4.72
2021-03,02XXXX,34063873.0,1.31,4.0,4.72
2021-03,03XXXX,1685080.0,1.31,4.0,4.72
2021-03,04XXXX,254331412.0,1.31,4.0,4.72
2021-03,05XXXX,4069224.0,1.31,4.0,4.72
2021-03,06XXXX,43103186.0,1.31,4.0,4.72
2021-03,07PROU,29342085.0,1.31,4.0,4.72
2021-03,07XXXX,79763306.0,1.31,4.0,4.72
2021-03,08XXXX,17549355.0,1.31,4.0,4.72
2021-03,09XXXX,4273773.0,1.31,4.0,4.72
2021-03,10XXXX,210876.0,1.31,4.0,4.72
2021-03,12XXXX,1754384.0,1.31,4.0,4.72
2021-03,14XXXX,1520592.0,1.31,4.0,4.72
2021-03,15BN03,948337.0,1.31,4.0,4.72
2021-03,15XXXX,3551.0,1.31,4.0,4.72
2021-03,16XXXX,163023.0,1.31,4.0,4.72
2021-03,18XXXX,486.0,1.31,4.0,4.72
2021-04,01XXXX,22456212.0,2.7,4.0,6.61
2021-04,02XXXX,44852831.0,2.7,4.0,6.61
2021-04,03XXXX,1021995.0,2.7,4.0,6.61
2021-04,04XXXX,248338362.0,2.7,4.0,6.61
2021-04,05XXXX,4249208.0,2.7,4.0,6.61
2021-04,06XXXX,54349916.0,2.7,4.0,6.61
2021-04,07PROU,39248725.0,2.7,4.0,6.61
2021-04,07XXXX,104532661.0,2.7,4.0,6.61
2021-04,08XXXX,16842409.0,2.7,4.0,6.61
2021-04,09XXXX,4817990.0,2.7,4.0,6.61
2021-04,10XXXX,206011.0,2.7,4.0,6.61
2021-04,12XXXX,1946698.0,2.7,4.0,6.61
2021-04,14XXXX,1638930.0,2.7,4.0,6.61
2021-04,15BN03,1009202.0,2.7,4.0,6.61
2021-04,15XXXX,3350.0,2.7,4.0,6.61
2021-04,16XXXX,107616.0,2.7,4.0,6.61
2021-05,01XXXX,25576482.0,2.9,4.0,6.61
2021-05,02XXXX,36237921.0,2.9,4.0,6.61
2021-05,03XXXX,577152.0,2.9,4.0,6.61
2021-05,04XXXX,284671525.0,2.9,4.0,6.61
2021-05,05XXXX,4461480.0,2.9,4.0,6.61
2021-05,06XXXX,53559561.0,2.9,4.0,6.61
2021-05,07PROU,41893544.0,2.9,4.0,6.61
2021-05,07XXXX,101822535.0,2.9,4.0,6.61
2021-05,08XXXX,17346199.0,2.9,4.0,6.61
2021-05,09XXXX,6568921.0,2.9,4.0,6.61
2021-05,10XXXX,214807.0,2.9,4.0,6.61
2021-05,12XXXX,2216365.0,2.9,4.0,6.61
2021-05,14XXXX,1578302.0,2.9,4.0,6.61
2021-05,15BN03,985736.0,2.9,4.0,6.61
2021-05,15XXXX,2904.0,2.9,4.0,6.61
2021-05,16XXXX,102985.0,2.9,4.0,6.61
2021-06,01XXXX,34613380.0,2.41,4.0,6.61
2021-06,02XXXX,36751474.0,2.41,4.0,6.61
2021-06,03XXXX,853115.0,2.41,4.0,6.61
2021-06,04XXXX,305817637.0,2.41,4.0,6.61
2021-06,05XXXX,3432913.0,2.41,4.0,6.61
2021-06,06XXXX,53474917.0,2.41,4.0,6.61
2021-06,07PROU,45799338.0,2.41,4.0,6.61
2021-06,07XXXX,99933833.0,2.41,4.0,6.61
2021-06,08XXXX,18066228.0,2.41,4.0,6.61
2021-06,09XXXX,6237084.0,2.41,4.0,6.61
2021-06,10XXXX,213640.0,2.41,4.0,6.61
2021-06,12XXXX,2308684.0,2.41,4.0,6.61
2021-06,14XXXX,1538777.0,2.41,4.0,6.61
2021-06,15BN03,941444.0,2.41,4.0,6.61
2021-06,15XXXX,2949.0,2.41,4.0,6.61
2021-06,16XXXX,229511.0,2.41,4.0,6.61
2021-07,01XXXX,32223514.0,2.62,4.0,-6.17
2021-07,02XXXX,31241957.0,2.62,4.0,-6.17
2021-07,03XXXX,761645.0,2.62,4.0,-6.17
2021-07,04XXXX,269822592.0,2.62,4.0,-6.17
2021-07,05XXXX,4259415.0,2.62,4.0,-6.17
2021-07,06XXXX,47778923.0,2.62,4.0,-6.17
2021-07,07PROU,47601211.0,2.62,4.0,-6.17
2021-07,07XXXX,99419685.0,2.62,4.0,-6.17
2021-07,08XXXX,20286717.0,2.62,4.0,-6.17
2021-07,09XXXX,5753644.0,2.62,4.0,-6.17
2021-07,10XXXX,206878.0,2.62,4.0,-6.17
2021-07,12XXXX,2389132.0,2.62,4.0,-6.17
2021-07,14XXXX,1647959.0,2.62,4.0,-6.17
2021-07,15BN03,858121.0,2.62,4.0,-6.17
2021-07,15XXXX,2928.0,2.62,4.0,-6.17
2021-07,16XXXX,237749.0,2.62,4.0,-6.17
2021-08,01XXXX,37716387.0,2.82,4.0,-6.17
2021-08,02XXXX,32349415.0,2.82,4.0,-6.17
2021-08,03XXXX,794594.0,2.82,4.0,-6.17
2021-08,04XXXX,319530238.0,2.82,4.0,-6.17
2021-08,05XXXX,4949509.0,2.82,4.0,-6.17
2021-08,06XXXX,43652388.0,2.82,4.0,-6.17
2021-08,07PROU,45990427.0,2.82,4.0,-6.17
2021-08,07XXXX,96324484.0,2.82,4.0,-6.17
2021-08,08XXXX,12338047.0,2.82,4.0,-6.17
2021-08,09XXXX,5191593.0,2.82,4.0,-6.17
2021-08,10XXXX,241045.0,2.82,4.0,-6.17
2021-08,12XXXX,2084896.0,2.82,4.0,-6.17
2021-08,14XXXX,1426928.0,2.82,4.0,-6.17
2021-08,15BN03,682872.0,2.82,4.0,-6.17
2021-08,15XXXX,1275.0,2.82,4.0,-6.17
2021-08,16XXXX,490118.0,2.82,4.0,-6.17
2021-09,01XXXX,45008609.0,1.88,4.0,-6.17
2021-09,02XXXX,31377668.0,1.88,4.0,-6.17
2021-09,03XXXX,726795.0,1.88,4.0,-6.17
2021-09,04XXXX,312665975.0,1.88,4.0,-6.17
2021-09,05XXXX,4826381.0,1.88,4.0,-6.17
2021-09,06XXXX,43985528.0,1.88,4.0,-6.17
2021-09,07PROU,37894474.0,1.88,4.0,-6.17
2021-09,07XXXX,82092990.0,1.88,4.0,-6.17
2021-09,08XXXX,13457112.0,1.88,4.0,-6.17
2021-09,09XXXX,4015018.0,1.88,4.0,-6.17
2021-09,10XXXX,308972.0,1.88,4.0,-6.17
2021-09,12XXXX,1651904.0,1.88,4.0,-6.17
2021-09,14XXXX,1193668.0,1.88,4.0,-6.17
2021-09,15BN03,459735.0,1.88,4.0,-6.17
2021-09,15XXXX,1786.0,1.88,4.0,-6.17
2021-09,16XXXX,364768.0,1.88,4.0,-6.17
2021-10,01XXXX,35724994.0,1.67,4.0,5.22
2021-10,02XXXX,33356528.0,1.67,4.0,5.22
2021-10,03XXXX,863711.0,1.67,4.0,5.22
2021-10,04XXXX,281369047.0,1.67,4.0,5.22
2021-10,05XXXX,4212099.0,1.67,4.0,5.22
2021-10,06XXXX,41442793.0,1.67,4.0,5.22
2021-10,07PROU,31984999.0,1.67,4.0,5.22
2021-10,07XXXX,66782732.0,1.67,4.0,5.22
2021-10,08XXXX,13276848.0,1.67,4.0,5.22
2021-10,09XXXX,3542684.0,1.67,4.0,5.22
2021-10,10XXXX,196111.0,1.67,4.0,5.22
2021-10,12XXXX,1870636.0,1.67,4.0,5.22
2021-10,14XXXX,1701843.0,1.67,4.0,5.22
2021-10,15BN03,468533.0,1.67,4.0,5.22
2021-10,15XXXX,2060.0,1.67,4.0,5.22
2021-10,16XXXX,720070.0,1.67,4.0,5.22
2021-10,18XXXX,1.0,1.67,4.0,5.22
2021-11,01XXXX,21868062.0,1.84,4.0,5.22
2021-11,02XXXX,33971543.0,1.84,4.0,5.22
2021-11,03XXXX,1165032.0,1.84,4.0,5.22
2021-11,04XXXX,300888913.0,1.84,4.0,5.22
2021-11,05XXXX,4379987.0,1.84,4.0,5.22
2021-11,06XXXX,34523056.0,1.84,4.0,5.22
2021-11,07PROU,34369206.0,1.84,4.0,5.22
2021-11,07XXXX,70834031.0,1.84,4.0,5.22
2021-11,08XXXX,12216099.0,1.84,4.0,5.22
2021-11,09XXXX,3158927.0,1.84,4.0,5.22
2021-11,10XXXX,189642.0,1.84,4.0,5.22
2021-11,12XXXX,1910620.0,1.84,4.0,5.22
2021-11,14XXXX,1904348.0,1.84,4.0,5.22
2021-11,15BN03,550227.0,1.84,4.0,5.22
2021-11,15XXXX,2715.0,1.84,4.0,5.22
2021-11,16XXXX,1000970.0,1.84,4.0,5.22
2021-12,01XXXX,28225337.0,1.81,4.0,5.22
2021-12,02XXXX,42430141.0,1.81,4.0,5.22
2021-12,03XXXX,1882910.0,1.81,4.0,5.22
2021-12,04XXXX,297157929.0,1.81,4.0,5.22
2021-12,05XXXX,4269194.0,1.81,4.0,5.22
2021-12,06XXXX,32793683.0,1.81,4.0,5.22
2021-12,07PROU,34864242.0,1.81,4.0,5.22
2021-12,07XXXX,70098893.0,1.81,4.0,5.22
2021-12,08XXXX,12326461.0,1.81,4.0,5.22
2021-12,09XXXX,2927127.0,1.81,4.0,5.22
2021-12,10XXXX,244744.0,1.81,4.0,5.22
2021-12,12XXXX,1658692.0,1.81,4.0,5.22
2021-12,14XXXX,1277476.0,1.81,4.0,5.22
2021-12,15BN03,610263.0,1.81,4.0,5.22
2021-12,15XXXX,2573.0,1.81,4.0,5.22
2021-12,16XXXX,536752.0,1.81,4.0,5.22
2022-01,01XXXX,32195614.0,1.94,4.0,5.05
2022-01,02XXXX,14694066.0,1.94,4.0,5.05
2022-01,03XXXX,141028.0,1.94,4.0,5.05
2022-01,04XXXX,276881577.0,1.94,4.0,5.05
2022-01,05XXXX,3123826.0,1.94,4.0,5.05
2022-01,06XXXX,24083808.0,1.94,4.0,5.05
2022-01,07PROU,34802671.0,1.94,4.0,5.05
2022-01,07XXXX,76095809.0,1.94,4.0,5.05
2022-01,08XXXX,10790747.0,1.94,4.0,5.05
2022-01,09XXXX,3601167.0,1.94,4.0,5.05
2022-01,10XXXX,238460.0,1.94,4.0,5.05
2022-01,12XXXX,1811096.0,1.94,4.0,5.05
2022-01,14XXXX,1189908.0,1.94,4.0,5.05
2022-01,15BN03,747954.0,1.94,4.0,5.05
2022-01,15XXXX,2631.0,1.94,4.0,5.05
2022-01,16XXXX,313121.0,1.94,4.0,5.05
2022-02,01XXXX,15575185.0,1.42,4.0,5.05
2022-02,02XXXX,29545393.0,1.42,4.0,5.05
2022-02,03XXXX,611173.0,1.42,4.0,5.05
2022-02,04XXXX,183039651.0,1.42,4.0,5.05
2022-02,05XXXX,2801590.0,1.42,4.0,5.05
2022-02,06XXXX,21553357.0,1.42,4.0,5.05
2022-02,07PROU,31666301.0,1.42,4.0,5.05
2022-02,07XXXX,60440185.0,1.42,4.0,5.05
2022-02,08XXXX,10874538.0,1.42,4.0,5.05
2022-02,09XXXX,2335365.0,1.42,4.0,5.05
2022-02,10XXXX,225620.0,1.42,4.0,5.05
2022-02,12XXXX,1920840.0,1.42,4.0,5.05
2022-02,14XXXX,1138336.0,1.42,4.0,5.05
2022-02,15BN03,1680161.0,1.42,4.0,5.05
2022-02,15XXXX,1820.0,1.42,4.0,5.05
2022-02,16XXXX,51268.0,1.42,4.0,5.05
2022-03,01XXXX,24151255.0,2.41,4.0,5.05
2022-03,02XXXX,31013395.0,2.41,4.0,5.05
2022-03,03XXXX,1035300.0,2.41,4.0,5.05
2022-03,04XXXX,250398564.0,2.41,4.0,5.05
2022-03,05XXXX,5410457.0,2.41,4.0,5.05
2022-03,06XXXX,43893571.0,2.41,4.0,5.05
2022-03,07PROU,49175061.0,2.41,4.0,5.05
2022-03,07XXXX,97611542.0,2.41,4.0,5.05
2022-03,08XXXX,15907305.0,2.41,4.0,5.05
2022-03,09XXXX,3627492.0,2.41,4.0,5.05
2022-03,10XXXX,200376.0,2.41,4.0,5.05
2022-03,12XXXX,2081404.0,2.41,4.0,5.05
2022-03,14XXXX,1549216.0,2.41,4.0,5.05
2022-03,15BN03,3727603.0,2.41,4.0,5.05
2022-03,15XXXX,2290.0,2.41,4.0,5.05
2022-03,16XXXX,113983.0,2.41,4.0,5.05
2022-03,18XXXX,0.0,2.41,4.0,5.05
2022-04,01XXXX,23931405.0,2.64,4.0,7.83
2022-04,02XXXX,27271477.0,2.64,4.0,7.83
2022-04,03XXXX,698301.0,2.64,4.0,7.83
2022-04,04XXXX,231473852.0,2.64,4.0,7.83
2022-04,05XXXX,5189669.0,2.64,4.0,7.83
2022-04,06XXXX,34767463.0,2.64,4.0,7.83
2022-04,07PROU,46427139.0,2.64,4.0,7.83
2022-04,07XXXX,106222306.0,2.64,4.0,7.83
2022-04,08XXXX,13456796.0,2.64,4.0,7.83
2022-04,09XXXX,4475691.0,2.64,4.0,7.83
2022-04,10XXXX,205978.0,2.64,4.0,7.83
2022-04,12XXXX,2588944.0,2.64,4.0,7.83
2022-04,14XXXX,2021248.0,2.64,4.0,7.83
2022-04,15BN03,771656.0,2.64,4.0,7.83
2022-04,15XXXX,3107.0,2.64,4.0,7.83
2022-04,16XXXX,69895.0,2.64,4.0,7.83
2022-05,01XXXX,21374944.0,2.86,4.0,7.83
2022-05,02XXXX,25754377.0,2.86,4.0,7.83
2022-05,03XXXX,942231.0,2.86,4.0,7.83
2022-05,04XXXX,196731956.0,2.86,4.0,7.83
2022-05,05XXXX,4825723.0,2.86,4.0,7.83
2022-05,06XXXX,39529559.0,2.86,4.0,7.83
2022-05,07PROU,38933415.0,2.86,4.0,7.83
2022-05,07XXXX,94469827.0,2.86,4.0,7.83
2022-05,08XXXX,10659269.0,2.86,4.0,7.83
2022-05,09XXXX,4325358.0,2.86,4.0,7.83
2022-05,10XXXX,187112.0,2.86,4.0,7.83
2022-05,12XXXX,2802896.0,2.86,4.0,7.83
2022-05,14XXXX,1461806.0,2.86,4.0,7.83
2022-05,15BN03,741331.0,2.86,4.0,7.83
2022-05,15XXXX,2312.0,2.86,4.0,7.83
2022-05,16XXXX,63345.0,2.86,4.0,7.83
2022-06,01XXXX,36420178.0,3.18,4.0,7.83
2022-06,02XXXX,31357458.0,3.18,4.0,7.83
2022-06,03XXXX,809584.0,3.18,4.0,7.83
2022-06,04XXXX,297428069.0,3.18,4.0,7.83
2022-06,05XXXX,6582601.0,3.18,4.0,7.83
2022-06,06XXXX,47917702.0,3.18,4.0,7.83
2022-06,07PROU,45430036.0,3.18,4.0,7.83
2022-06,07XXXX,110663782.0,3.18,4.0,7.83
2022-06,08XXXX,9833515.0,3.18,4.0,7.83
2022-06,09XXXX,5616992.0,3.18,4.0,7.83
2022-06,10XXXX,230561.0,3.18,4.0,7.83
2022-06,12XXXX,3190908.0,3.18,4.0,7.83
2022-06,14XXXX,1778420.0,3.18,4.0,7.83
2022-06,15BN03,807170.0,3.18,4.0,7.83
2022-06,15XXXX,3218.0,3.18,4.0,7.83
2022-06,16XXXX,114654.0,3.18,4.0,7.83
2022-07,01XXXX,38414442.0,3.14,4.0,13.71
2022-07,02XXXX,29502136.0,3.14,4.0,13.71
2022-07,03XXXX,1434711.0,3.14,4.0,13.71
2022-07,04XXXX,272569755.0,3.14,4.0,13.71
2022-07,05XXXX,5870266.0,3.14,4.0,13.71
2022-07,06XXXX,44959857.0,3.14,4.0,13.71
2022-07,07PROU,43735675.0,3.14,4.0,13.71
2022-07,07XXXX,103151524.0,3.14,4.0,13.71
2022-07,08XXXX,9490630.0,3.14,4.0,13.71
2022-07,09XXXX,5094858.0,3.14,4.0,13.71
2022-07,10XXXX,230664.0,3.14,4.0,13.71
2022-07,12XXXX,2873108.0,3.14,4.0,13.71
2022-07,14XXXX,1782868.0,3.14,4.0,13.71
2022-07,15BN03,915349.0,3.14,4.0,13.71
2022-07,15XXXX,2292.0,3.14,4.0,13.71
2022-07,16XXXX,82442.0,3.14,4.0,13.71
2022-08,01XXXX,38927120.0,2.89,4.0,13.71
2022-08,02XXXX,20617196.0,2.89,4.0,13.71
2022-08,03XXXX,1354202.0,2.89,4.0,13.71
2022-08,04XXXX,255442552.0,2.89,4.0,13.71
2022-08,05XXXX,5648481.0,2.89,4.0,13.71
2022-08,06XXXX,35247342.0,2.89,4.0,13.71
2022-08,07PROU,44183728.0,2.89,4.0,13.71
2022-08,07XXXX,101810859.0,2.89,4.0,13.71
2022-08,08XXXX,11423274.0,2.89,4.0,13.71
2022-08,09XXXX,4540003.0,2.89,4.0,13.71
2022-08,10XXXX,261448.0,2.89,4.0,13.71
2022-08,12XXXX,2190320.0,2.89,4.0,13.71
2022-08,14XXXX,1871824.0,2.89,4.0,13.71
2022-08,15BN03,801776.0,2.89,4.0,13.71
2022-08,15XXXX,2801.0,2.89,4.0,13.71
2022-08,16XXXX,103103.0,2.89,4.0,13.71
2022-09,01XXXX,28351599.0,3.94,5.0,13.71
2022-09,02XXXX,8395181.0,3.94,5.0,13.71
2022-09,03XXXX,664949.0,3.94,5.0,13.71
2022-09,04XXXX,270037423.0,3.94,5.0,13.71
2022-09,05XXXX,5117926.0,3.94,5.0,13.71
2022-09,06XXXX,41189563.0,3.94,5.0,13.71
2022-09,07PROU,37426588.0,3.94,5.0,13.71
2022-09,07XXXX,83568159.0,3.94,5.0,13.71
2022-09,08XXXX,15782072.0,3.94,5.0,13.71
2022-09,09XXXX,3422329.0,3.94,5.0,13.71
2022-09,10XXXX,214304.0,3.94,5.0,13.71
2022-09,12XXXX,1919304.0,3.94,5.0,13.71
2022-09,14XXXX,1293653.0,3.94,5.0,13.71
2022-09,15BN03,683731.0,3.94,5.0,13.71
2022-09,15XXXX,2599.0,3.94,5.0,13.71
2022-09,16XXXX,98481.0,3.94,5.0,13.71
2022-10,01XXXX,29630630.0,4.32,6.0,5.92
2022-10,02XXXX,9663039.0,4.32,6.0,5.92
2022-10,03XXXX,1181157.0,4.32,6.0,5.92
2022-10,04XXXX,257477077.0,4.32,6.0,5.92
2022-10,05XXXX,5113300.0,4.32,6.0,5.92
2022-10,06XXXX,27283291.0,4.32,6.0,5.92
2022-10,07PROU,35553648.0,4.32,6.0,5.92
2022-10,07XXXX,83280579.0,4.32,6.0,5.92
2022-10,08XXXX,12368364.0,4.32,6.0,5.92
2022-10,09XXXX,2430365.0,4.32,6.0,5.92
2022-10,10XXXX,189328.0,4.32,6.0,5.92
2022-10,12XXXX,1236592.0,4.32,6.0,5.92
2022-10,14XXXX,968082.0,4.32,6.0,5.92
2022-10,15BN03,578581.0,4.32,6.0,5.92
2022-10,15XXXX,2218.0,4.32,6.0,5.92
2022-10,16XXXX,103790.0,4.32,6.0,5.92
2022-11,01XXXX,26584643.0,4.37,6.0,5.92
2022-11,02XXXX,10087435.0,4.37,6.0,5.92
2022-11,03XXXX,1111453.0,4.37,6.0,5.92
2022-11,04XXXX,237164535.0,4.37,6.0,5.92
2022-11,05XXXX,4571588.0,4.37,6.0,5.92
2022-11,06XXXX,28282082.0,4.37,6.0,5.92
2022-11,07PROU,35155689.0,4.37,6.0,5.92
2022-11,07XXXX,85366523.0,4.37,6.0,5.92
2022-11,08XXXX,5295015.0,4.37,6.0,5.92
2022-11,09XXXX,2670208.0,4.37,6.0,5.92
2022-11,10XXXX,211193.0,4.37,6.0,5.92
2022-11,12XXXX,1721364.0,4.37,6.0,5.92
2022-11,14XXXX,687403.0,4.37,6.0,5.92
2022-11,15BN03,608699.0,4.37,6.0,5.92
2022-11,15XXXX,2277.0,4.37,6.0,5.92
2022-11,16XXXX,113484.0,4.37,6.0,5.92
2022-12,01XXXX,36954029.0,4.55,6.0,5.92
2022-12,02XXXX,22504428.0,4.55,6.0,5.92
2022-12,03XXXX,797636.0,4.55,6.0,5.92
2022-12,04XXXX,269565287.0,4.55,6.0,5.92
2022-12,05XXXX,6118776.0,4.55,6.0,5.92
2022-12,06XXXX,40788725.0,4.55,6.0,5.92
2022-12,07PROU,32817812.0,4.55,6.0,5.92
2022-12,07XXXX,76884457.0,4.55,6.0,5.92
2022-12,08XXXX,10330935.0,4.55,6.0,5.92
2022-12,09XXXX,2493790.0,4.55,6.0,5.92
2022-12,10XXXX,239494.0,4.55,6.0,5.92
2022-12,12XXXX,1920732.0,4.55,6.0,5.92
2022-12,14XXXX,808413.0,4.55,6.0,5.92
2022-12,15BN03,713574.0,4.55,6.0,5.92
2022-12,15XXXX,2628.0,4.55,6.0,5.92
2022-12,16XXXX,215379.0,4.55,6.0,5.92
2023-01,01XXXX,16870912.0,4.89,6.0,3.28
2023-01,02XXXX,14374514.0,4.89,6.0,3.28
2023-01,03XXXX,808990.0,4.89,6.0,3.28
2023-01,04XXXX,147600341.0,4.89,6.0,3.28
2023-01,05XXXX,2897003.0,4.89,6.0,3.28
2023-01,06XXXX,18869258.0,4.89,6.0,3.28
2023-01,07PROU,31496350.0,4.89,6.0,3.28
2023-01,07XXXX,73657952.0,4.89,6.0,3.28
2023-01,08XXXX,5782564.0,4.89,6.0,3.28
2023-01,09XXXX,2135447.0,4.89,6.0,3.28
2023-01,10XXXX,176998.0,4.89,6.0,3.28
2023-01,12XXXX,1145638.0,4.89,6.0,3.28
2023-01,14XXXX,713134.0,4.89,6.0,3.28
2023-01,15BN03,529733.0,4.89,6.0,3.28
2023-01,15XXXX,1892.0,4.89,6.0,3.28
2023-01,16XXXX,127853.0,4.89,6.0,3.28
2023-02,01XXXX,23891318.0,4.31,6.0,3.28
2023-02,02XXXX,28756471.0,4.31,6.0,3.28
2023-02,03XXXX,1244519.0,4.31,6.0,3.28
2023-02,04XXXX,253030647.0,4.31,6.0,3.28
2023-02,05XXXX,5028982.0,4.31,6.0,3.28
2023-02,06XXXX,35220716.0,4.31,6.0,3.28
2023-02,07PROU,33820364.0,4.31,6.0,3.28
2023-02,07XXXX,74446379.0,4.31,6.0,3.28
2023-02,08XXXX,11869227.0,4.31,6.0,3.28
2023-02,09XXXX,2632557.0,4.31,6.0,3.28
2023-02,10XXXX,187319.0,4.31,6.0,3.28
2023-02,12XXXX,1357548.0,4.31,6.0,3.28
2023-02,14XXXX,658038.0,4.31,6.0,3.28
2023-02,15BN03,640091.0,4.31,6.0,3.28
2023-02,15XXXX,2268.0,4.31,6.0,3.28
2023-02,16XXXX,43039.0,4.31,6.0,3.28
2023-03,01XXXX,37504451.0,3.35,5.5,3.28
2023-03,02XXXX,27439487.0,3.35,5.5,3.28
2023-03,03XXXX,837859.0,3.35,5.5,3.28
2023-03,04XXXX,242366665.0,3.35,5.5,3.28
2023-03,05XXXX,5093104.0,3.35,5.5,3.28
2023-03,06XXXX,39940490.0,3.35,5.5,3.28
2023-03,07PROU,40949730.0,3.35,5.5,3.28
2023-03,07XXXX,102064578.0,3.35,5.5,3.28
2023-03,08XXXX,18062497.0,3.35,5.5,3.28
2023-03,09XXXX,3276837.0,3.35,5.5,3.28
2023-03,10XXXX,245575.0,3.35,5.5,3.28
2023-03,12XXXX,1667956.0,3.35,5.5,3.28
2023-03,14XXXX,748862.0,3.35,5.5,3.28
2023-03,15BN03,768496.0,3.35,5.5,3.28
2023-03,15XXXX,2395.0,3.35,5.5,3.28
2023-03,16XXXX,47972.0,3.35,5.5,3.28
2023-04,01XXXX,29647247.0,2.81,5.5,4.05
2023-04,02XXXX,19702974.0,2.81,5.5,4.05
2023-04,03XXXX,895051.0,2.81,5.5,4.05
2023-04,04XXXX,192269276.0,2.81,5.5,4.05
2023-04,05XXXX,6635823.0,2.81,5.5,4.05
2023-04,06XXXX,35276620.0,2.81,5.5,4.05
2023-04,07PROU,42124819.0,2.81,5.5,4.05
2023-04,07XXXX,108194835.0,2.81,5.5,4.05
2023-04,08XXXX,9705248.0,2.81,5.5,4.05
2023-04,09XXXX,5312596.0,2.81,5.5,4.05
2023-04,10XXXX,236374.0,2.81,5.5,4.05
2023-04,12XXXX,2086646.0,2.81,5.5,4.05
2023-04,14XXXX,877437.0,2.81,5.5,4.05
2023-04,15BN03,801595.0,2.81,5.5,4.05
2023-04,15XXXX,2625.0,2.81,5.5,4.05
2023-04,16XXXX,70962.0,2.81,5.5,4.05
2023-05,01XXXX,33508186.0,2.43,4.5,4.05
2023-05,02XXXX,25661092.0,2.43,4.5,4.05
2023-05,03XXXX,641546.0,2.43,4.5,4.05
2023-05,04XXXX,227414579.0,2.43,4.5,4.05
2023-05,05XXXX,6554139.0,2.43,4.5,4.05
2023-05,06XXXX,39483579.0,2.43,4.5,4.05
2023-05,07PROU,45630305.0,2.43,4.5,4.05
2023-05,07XXXX,112657925.0,2.43,4.5,4.05
2023-05,08XXXX,9484938.0,2.43,4.5,4.05
2023-05,09XXXX,5878867.0,2.43,4.5,4.05
2023-05,10XXXX,276377.0,2.43,4.5,4.05
2023-05,12XXXX,2066619.0,2.43,4.5,4.05
2023-05,14XXXX,888934.0,2.43,4.5,4.05
2023-05,15BN03,936971.0,2.43,4.5,4.05
2023-05,15XXXX,2867.0,2.43,4.5,4.05
2023-05,16XXXX,85792.0,2.43,4.5,4.05
2023-06,01XXXX,36210314.0,2.0,4.5,4.05
2023-06,02XXXX,21100950.0,2.0,4.5,4.05
2023-06,03XXXX,805600.0,2.0,4.5,4.05
2023-06,04XXXX,263502435.0,2.0,4.5,4.05
2023-06,05XXXX,6291994.0,2.0,4.5,4.05
2023-06,06XXXX,43078058.0,2.0,4.5,4.05
2023-06,07PROU,45845953.0,2.0,4.5,4.05
2023-06,07XXXX,106740148.0,2.0,4.5,4.05
2023-06,08XXXX,10786994.0,2.0,4.5,4.05
2023-06,09XXXX,5929401.0,2.0,4.5,4.05
2023-06,10XXXX,239261.0,2.0,4.5,4.05
2023-06,12XXXX,1908816.0,2.0,4.5,4.05
2023-06,14XXXX,875919.0,2.0,4.5,4.05
2023-06,15BN03,854821.0,2.0,4.5,4.05
2023-06,15XXXX,2611.0,2.0,4.5,4.05
2023-06,16XXXX,85019.0,2.0,4.5,4.05
2023-07,01XXXX,36204365.0,2.06,4.5,5.33
2023-07,02XXXX,19934527.0,2.06,4.5,5.33
2023-07,03XXXX,1033029.0,2.06,4.5,5.33
2023-07,04XXXX,212808272.0,2.06,4.5,5.33
2023-07,05XXXX,6098051.0,2.06,4.5,5.33
2023-07,06XXXX,28464102.0,2.06,4.5,5.33
2023-07,07PROU,44767792.0,2.06,4.5,5.33
2023-07,07XXXX,106339177.0,2.06,4.5,5.33
2023-07,08XXXX,6853718.0,2.06,4.5,5.33
2023-07,09XXXX,5728035.0,2.06,4.5,5.33
2023-07,10XXXX,280662.0,2.06,4.5,5.33
2023-07,12XXXX,1805804.0,2.06,4.5,5.33
2023-07,14XXXX,875331.0,2.06,4.5,5.33
2023-07,15BN03,709716.0,2.06,4.5,5.33
2023-07,15XXXX,2536.0,2.06,4.5,5.33
2023-07,16XXXX,81085.0,2.06,4.5,5.33
2023-08,01XXXX,42136834.0,2.96,4.5,5.33
2023-08,02XXXX,25841291.0,2.96,4.5,5.33
2023-08,03XXXX,801382.0,2.96,4.5,5.33
2023-08,04XXXX,258168576.0,2.96,4.5,5.33
2023-08,05XXXX,7334520.0,2.96,4.5,5.33
2023-08,06XXXX,36385914.0,2.96,4.5,5.33
2023-08,07PROU,49173769.0,2.96,4.5,5.33
2023-08,07XXXX,111318249.0,2.96,4.5,5.33
2023-08,08XXXX,8752914.0,2.96,4.5,5.33
2023-08,09XXXX,5491777.0,2.96,4.5,5.33
2023-08,10XXXX,315071.0,2.96,4.5,5.33
2023-08,12XXXX,1936704.0,2.96,4.5,5.33
2023-08,14XXXX,882650.0,2.96,4.5,5.33
2023-08,15BN03,808468.0,2.96,4.5,5.33
2023-08,15GC30,2400.0,2.96,4.5,5.33
2023-08,15XXXX,2551.0,2.96,4.5,5.33
2023-08,16XXXX,89183.0,2.96,4.5,5.33
2023-09,01XXXX,32921651.0,3.66,4.5,5.33
2023-09,02XXXX,23982371.0,3.66,4.5,5.33
2023-09,03XXXX,1060768.0,3.66,4.5,5.33
2023-09,04XXXX,241360811.0,3.66,4.5,5.33
2023-09,05XXXX,6773155.0,3.66,4.5,5.33
2023-09,06XXXX,34168351.0,3.66,4.5,5.33
2023-09,07PROU,41395719.0,3.66,4.5,5.33
2023-09,07XXXX,89883932.0,3.66,4.5,5.33
2023-09,08XXXX,10479149.0,3.66,4.5,5.33
2023-09,09XXXX,3660088.0,3.66,4.5,5.33
2023-09,10XXXX,299082.0,3.66,4.5,5.33
2023-09,12XXXX,1274168.0,3.66,4.5,5.33
2023-09,14XXXX,711986.0,3.66,4.5,5.33
2023-09,15BN03,712305.0,3.66,4.5,5.33
2023-09,15XXXX,2539.0,3.66,4.5,5.33
2023-09,16XXXX,88124.0,3.66,4.5,5.33
2023-10,01XXXX,31796979.0,3.59,4.5,6.72
2023-10,02XXXX,23517104.0,3.59,4.5,6.72
2023-10,03XXXX,842921.0,3.59,4.5,6.72
2023-10,04XXXX,260222342.0,3.59,4.5,6.72
2023-10,05XXXX,7416916.0,3.59,4.5,6.72
2023-10,06XXXX,32691725.0,3.59,4.5,6.72
2023-10,07PROU,41731864.0,3.59,4.5,6.72
2023-10,07XXXX,92944652.0,3.59,4.5,6.72
2023-10,08XXXX,8335611.0,3.59,4.5,6.72
2023-10,09XXXX,3319766.0,3.59,4.5,6.72
2023-10,10XXXX,301532.0,3.59,4.5,6.72
2023-10,12XXXX,1238772.0,3.59,4.5,6.72
2023-10,14XXXX,691845.0,3.59,4.5,6.72
2023-10,15BN03,679862.0,3.59,4.5,6.72
2023-10,15GC30,1824.0,3.59,4.5,6.72
2023-10,15XXXX,2537.0,3.59,4.5,6.72
2023-10,16XXXX,61280.0,3.59,4.5,6.72
2023-11,01XXXX,28129429.0,3.45,4.5,6.72
2023-11,02XXXX,21489514.0,3.45,4.5,6.72
2023-11,03XXXX,1111192.0,3.45,4.5,6.72
2023-11,04XXXX,218884745.0,3.45,4.5,6.72
2023-11,05XXXX,8268015.0,3.45,4.5,6.72
2023-11,06XXXX,32179143.0,3.45,4.5,6.72
2023-11,07PROU,42925860.0,3.45,4.5,6.72
2023-11,07XXXX,89992122.0,3.45,4.5,6.72
2023-11,08XXXX,9512067.0,3.45,4.5,6.72
2023-11,09XXXX,2903169.0,3.45,4.5,6.72
2023-11,10XXXX,289399.0,3.45,4.5,6.72
2023-11,12XXXX,1170932.0,3.45,4.5,6.72
2023-11,14XXXX,703147.0,3.45,4.5,6.72
2023-11,15BN03,699510.0,3.45,4.5,6.72
2023-11,15XXXX,2462.0,3.45,4.5,6.72
2023-11,16XXXX,68336.0,3.45,4.5,6.72
2023-12,01XXXX,36142998.0,3.58,4.5,6.72
2023-12,02XXXX,26011405.0,3.58,4.5,6.72
2023-12,03XXXX,1310326.0,3.58,4.5,6.72
2023-12,04XXXX,265185811.0,3.58,4.5,6.72
2023-12,05XXXX,8436911.0,3.58,4.5,6.72
2023-12,06XXXX,37851295.0,3.58,4.5,6.72
2023-12,07PROU,40437499.0,3.58,4.5,6.72
2023-12,07XXXX,80941306.0,3.58,4.5,6.72
2023-12,08XXXX,9901365.0,3.58,4.5,6.72
2023-12,09XXXX,2412432.0,3.58,4.5,6.72
2023-12,10XXXX,324648.0,3.58,4.5,6.72
2023-12,12XXXX,1009944.0,3.58,4.5,6.72
2023-12,14XXXX,719091.0,3.58,4.5,6.72
2023-12,15BN03,716289.0,3.58,4.5,6.72
2023-12,15XXXX,2561.0,3.58,4.5,6.72
2023-12,16XXXX,126865.0,3.58,4.5,6.72
2024-01,01XXXX,30188123.0,3.37,4.5,5.66
2024-01,02XXXX,20428348.0,3.37,4.5,5.66
2024-01,03XXXX,1012343.0,3.37,4.5,5.66
2024-01,04XXXX,200723623.0,3.37,4.5,5.66
2024-01,05XXXX,5834253.0,3.37,4.5,5.66
2024-01,06XXXX,28460956.0,3.37,4.5,5.66
2024-01,07PROU,43024498.0,3.37,4.5,5.66
2024-01,07XXXX,84707989.0,3.37,4.5,5.66
2024-01,08XXXX,7314357.0,3.37,4.5,5.66
2024-01,09XXXX,2423404.0,3.37,4.5,5.66
2024-01,10XXXX,344681.0,3.37,4.5,5.66
2024-01,12XXXX,1178332.0,3.37,4.5,5.66
2024-01,14XXXX,826459.0,3.37,4.5,5.66
2024-01,15BN03,748146.0,3.37,4.5,5.66
2024-01,15GC30,1200.0,3.37,4.5,5.66
2024-01,15XXXX,3085.0,3.37,4.5,5.66
2024-01,16XXXX,102031.0,3.37,4.5,5.66
2024-02,01XXXX,26663088.0,3.98,4.5,5.66
2024-02,02XXXX,18218665.0,3.98,4.5,5.66
2024-02,03XXXX,791037.0,3.98,4.5,5.66
2024-02,04XXXX,183009708.0,3.98,4.5,5.66
2024-02,05XXXX,4708253.0,3.98,4.5,5.66
2024-02,06XXXX,25998448.0,3.98,4.5,5.66
2024-02,07PROU,41765576.0,3.98,4.5,5.66
2024-02,07XXXX,82388126.0,3.98,4.5,5.66
2024-02,08XXXX,6335374.0,3.98,4.5,5.66
2024-02,09XXXX,2998519.0,3.98,4.5,5.66
2024-02,10XXXX,279210.0,3.98,4.5,5.66
2024-02,12XXXX,1237716.0,3.98,4.5,5.66
2024-02,14XXXX,602450.0,3.98,4.5,5.66
2024-02,15BN03,706071.0,3.98,4.5,5.66
2024-02,15XXXX,1726.0,3.98,4.5,5.66
2024-02,16XXXX,40206.0,3.98,4.5,5.66
2024-03,01XXXX,34048426.0,3.97,4.5,5.66
2024-03,02XXXX,22319012.0,3.97,4.5,5.66
2024-03,03XXXX,1063215.0,3.97,4.5,5.66
2024-03,04XXXX,214323697.0,3.97,4.5,5.66
2024-03,05XXXX,7190054.0,3.97,4.5,5.66
2024-03,06XXXX,34256103.0,3.97,4.5,5.66
2024-03,07PROU,46007399.0,3.97,4.5,5.66
2024-03,07XXXX,96505659.0,3.97,4.5,5.66
2024-03,08XXXX,7841922.0,3.97,4.5,5.66
2024-03,09XXXX,3530267.0,3.97,4.5,5.66
2024-03,10XXXX,296117.0,3.97,4.5,5.66
2024-03,12XXXX,1501120.0,3.97,4.5,5.66
2024-03,14XXXX,720927.0,3.97,4.5,5.66
2024-03,15BN03,765499.0,3.97,4.5,5.66
2024-03,15GC30,4080.0,3.97,4.5,5.66
2024-03,15XXXX,2810.0,3.97,4.5,5.66
2024-03,16XXXX,45138.0,3.97,4.5,5.66
2024-04,01XXXX,36058519.0,4.4,4.5,6.93
2024-04,02XXXX,20795225.0,4.4,4.5,6.93
2024-04,03XXXX,1421480.0,4.4,4.5,6.93
2024-04,04XXXX,185238151.0,4.4,4.5,6.93
2024-04,05XXXX,8438439.0,4.4,4.5,6.93
2024-04,06XXXX,31403945.0,4.4,4.5,6.93
2024-04,07PROU,56921680.0,4.4,4.5,6.93
2024-04,07XXXX,123470261.0,4.4,4.5,6.93
2024-04,08XXXX,7329744.0,4.4,4.5,6.93
2024-04,09XXXX,5517977.0,4.4,4.5,6.93
2024-04,10XXXX,342068.0,4.4,4.5,6.93
2024-04,12XXXX,1967340.0,4.4,4.5,6.93
2024-04,14XXXX,846819.0,4.4,4.5,6.93
2024-04,15BN03,913556.0,4.4,4.5,6.93
2024-04,15XXXX,2675.0,4.4,4.5,6.93
2024-04,16XXXX,79298.0,4.4,4.5,6.93
2024-05,01XXXX,33868214.0,4.44,4.5,6.93
2024-05,02XXXX,22390154.0,4.44,4.5,6.93
2024-05,03XXXX,950855.0,4.44,4.5,6.93
2024-05,04XXXX,222758478.0,4.44,4.5,6.93
2024-05,05XXXX,7592837.0,4.44,4.5,6.93
2024-05,06XXXX,36534670.0,4.44,4.5,6.93
2024-05,07PROU,58206432.0,4.44,4.5,6.93
2024-05,07XXXX,118194454.0,4.44,4.5,6.93
2024-05,08XXXX,7294690.0,4.44,4.5,6.93
2024-05,09XXXX,5716242.0,4.44,4.5,6.93
2024-05,10XXXX,358085.0,4.44,4.5,6.93
2024-05,12XXXX,1709348.0,4.44,4.5,6.93
2024-05,14XXXX,789017.0,4.44,4.5,6.93
2024-05,15BN03,1025360.0,4.44,4.5,6.93
2024-05,15GC30,2160.0,4.44,4.5,6.93
2024-05,15XXXX,3342.0,4.44,4.5,6.93
2024-05,16XXXX,48031.0,4.44,4.5,6.93
2024-06,01XXXX,39522724.0,4.34,4.5,6.93
2024-06,02XXXX,25339589.0,4.34,4.5,6.93
2024-06,03XXXX,1081421.0,4.34,4.5,6.93
2024-06,04XXXX,228281917.0,4.34,4.5,6.93
2024-06,05XXXX,9484366.0,4.34,4.5,6.93
2024-06,06XXXX,29874625.0,4.34,4.5,6.93
2024-06,07PROU,61272958.0,4.34,4.5,6.93
2024-06,07XXXX,113204255.0,4.34,4.5,6.93
2024-06,08XXXX,4966735.0,4.34,4.5,6.93
2024-06,09XXXX,5288478.0,4.34,4.5,6.93
2024-06,10XXXX,346849.0,4.34,4.5,6.93
2024-06,12XXXX,1691432.0,4.34,4.5,6.93
2024-06,14XXXX,928934.0,4.34,4.5,6.93
2024-06,15BN03,877241.0,4.34,4.5,6.93
2024-06,15XXXX,2391.0,4.34,4.5,6.93
2024-06,16XXXX,60330.0,4.34,4.5,6.93
2024-07,01XXXX,39954242.0,4.36,4.5,7.4
2024-07,02XXXX,19904037.0,4.36,4.5,7.4
2024-07,03XXXX,1394013.0,4.36,4.5,7.4
2024-07,04XXXX,202503639.0,4.36,4.5,7.4
2024-07,05XXXX,8899296.0,4.36,4.5,7.4
2024-07,06XXXX,25339970.0,4.36,4.5,7.4
2024-07,07PROU,57339425.0,4.36,4.5,7.4
2024-07,07XXXX,109288992.0,4.36,4.5,7.4
2024-07,08XXXX,4835227.0,4.36,4.5,7.4
2024-07,09XXXX,4758998.0,4.36,4.5,7.4
2024-07,10XXXX,385998.0,4.36,4.5,7.4
2024-07,12XXXX,1691472.0,4.36,4.5,7.4
2024-07,14XXXX,886381.0,4.36,4.5,7.4
2024-07,15BN03,828860.0,4.36,4.5,7.4
2024-07,15GC30,960.0,4.36,4.5,7.4
2024-07,15XXXX,3079.0,4.36,4.5,7.4
2024-07,16XXXX,80180.0,4.36,4.5,7.4
2024-08,01XXXX,40785490.0,3.45,4.5,7.4
2024-08,02XXXX,23424347.0,3.45,4.5,7.4
2024-08,03XXXX,1136335.0,3.45,4.5,7.4
2024-08,04XXXX,247162124.0,3.45,4.5,7.4
2024-08,05XXXX,10066330.0,3.45,4.5,7.4
2024-08,06XXXX,32915572.0,3.45,4.5,7.4
2024-08,07PROU,64107533.0,3.45,4.5,7.4
2024-08,07XXXX,123960119.0,3.45,4.5,7.4
2024-08,08XXXX,6191492.0,3.45,4.5,7.4
2024-08,09XXXX,5073318.0,3.45,4.5,7.4
2024-08,10XXXX,477612.0,3.45,4.5,7.4
2024-08,12XXXX,1694564.0,3.45,4.5,7.4
2024-08,14XXXX,928506.0,3.45,4.5,7.4
2024-08,15BN03,1010892.0,3.45,4.5,7.4
2024-08,15XXXX,2919.0,3.45,4.5,7.4
2024-08,16XXXX,52886.0,3.45,4.5,7.4
2024-09,01XXXX,32194535.0,2.63,4.5,7.4
2024-09,02XXXX,18391758.0,2.63,4.5,7.4
2024-09,03XXXX,849763.0,2.63,4.5,7.4
2024-09,04XXXX,198400294.0,2.63,4.5,7.4
2024-09,05XXXX,8184878.0,2.63,4.5,7.4
2024-09,06XXXX,29656179.0,2.63,4.5,7.4
2024-09,07PROU,48463988.0,2.63,4.5,7.4
2024-09,07XXXX,82963806.0,2.63,4.5,7.4
2024-09,08XXXX,7926992.0,2.63,4.5,7.4
2024-09,09XXXX,3102466.0,2.63,4.5,7.4
2024-09,10XXXX,344746.0,2.63,4.5,7.4
2024-09,12XXXX,895372.0,2.63,4.5,7.4
2024-09,14XXXX,622712.0,2.63,4.5,7.4
2024-09,15BN03,1079834.0,2.63,4.5,7.4
2024-09,15GC30,967.0,2.63,4.5,7.4
2024-09,15XXXX,2426.0,2.63,4.5,7.4
2024-09,16XXXX,45584.0,2.63,4.5,7.4
2024-10,01XXXX,35079389.0,2.89,4.5,7.55
2024-10,02XXXX,25070898.0,2.89,4.5,7.55
2024-10,03XXXX,1207455.0,2.89,4.5,7.55
2024-10,04XXXX,219963149.0,2.89,4.5,7.55
2024-10,05XXXX,10035687.0,2.89,4.5,7.55
2024-10,06XXXX,27804911.0,2.89,4.5,7.55
2024-10,07PROU,53220078.0,2.89,4.5,7.55
2024-10,07XXXX,97955295.0,2.89,4.5,7.55
2024-10,08XXXX,5803223.0,2.89,4.5,7.55
2024-10,09XXXX,2647307.0,2.89,4.5,7.55
2024-10,10XXXX,392507.0,2.89,4.5,7.55
2024-10,12XXXX,801140.0,2.89,4.5,7.55
2024-10,14XXXX,534474.0,2.89,4.5,7.55
2024-10,15BN03,738866.0,2.89,4.5,7.55
2024-10,15XXXX,3022.0,2.89,4.5,7.55
2024-10,16XXXX,52805.0,2.89,4.5,7.55
2024-11,01XXXX,32353609.0,2.77,4.5,7.55
2024-11,02XXXX,18503848.0,2.77,4.5,7.55
2024-11,03XXXX,795960.0,2.77,4.5,7.55
2024-11,04XXXX,220118063.0,2.77,4.5,7.55
2024-11,05XXXX,9648074.0,2.77,4.5,7.55
2024-11,06XXXX,20723645.0,2.77,4.5,7.55
2024-11,07PROU,46628428.0,2.77,4.5,7.55
2024-11,07XXXX,90451359.0,2.77,4.5,7.55
2024-11,08XXXX,5648058.0,2.77,4.5,7.55
2024-11,09XXXX,2796898.0,2.77,4.5,7.55
2024-11,10XXXX,435914.0,2.77,4.5,7.55
2024-11,12XXXX,1629816.0,2.77,4.5,7.55
2024-11,14XXXX,746082.0,2.77,4.5,7.55
2024-11,15BN03,882868.0,2.77,4.5,7.55
2024-11,15GC30,960.0,2.77,4.5,7.55
2024-11,15XXXX,2730.0,2.77,4.5,7.55
2024-11,16XXXX,43092.0,2.77,4.5,7.55
2024-12,01XXXX,44695345.0,3.48,4.5,7.55
2024-12,02XXXX,21679679.0,3.48,4.5,7.55
2024-12,03XXXX,1511155.0,3.48,4.5,7.55
2024-12,04XXXX,201663631.0,3.48,4.5,7.55
2024-12,05XXXX,9659864.0,3.48,4.5,7.55
2024-12,06XXXX,24982074.0,3.48,4.5,7.55
2024-12,07PROU,40511453.0,3.48,4.5,7.55
2024-12,07SCUS,20480.0,3.48,4.5,7.55
2024-12,07XXXX,75526124.0,3.48,4.5,7.55
2024-12,08XXXX,4527270.0,3.48,4.5,7.55
2024-12,09XXXX,2036233.0,3.48,4.5,7.55
2024-12,10XXXX,489054.0,3.48,4.5,7.55
2024-12,12XXXX,1396956.0,3.48,4.5,7.55
2024-12,14XXXX,683192.0,3.48,4.5,7.55
2024-12,15BN03,860535.0,3.48,4.5,7.55
2024-12,15GC30,1680.0,3.48,4.5,7.55
2024-12,15XXXX,2449.0,3.48,4.5,7.55
2024-12,16XXXX,121562.0,3.48,4.5,7.55
2025-01,01XXXX,21775125.0,2.53,4.5,6.93
2025-01,02XXXX,16072101.0,2.53,4.5,6.93
2025-01,03XXXX,1259358.0,2.53,4.5,6.93
2025-01,04XXXX,165010397.0,2.53,4.5,6.93
2025-01,05XXXX,5771111.0,2.53,4.5,6.93
2025-01,06XXXX,15424701.0,2.53,4.5,6.93
2025-01,07PROU,42752028.0,2.53,4.5,6.93
2025-01,07SCUS,62047.0,2.53,4.5,6.93
2025-01,07XXXX,82967741.0,2.53,4.5,6.93
2025-01,08XXXX,3404571.0,2.53,4.5,6.93
2025-01,09XXXX,1851369.0,2.53,4.5,6.93
2025-01,10XXXX,378968.0,2.53,4.5,6.93
2025-01,12XXXX,975040.0,2.53,4.5,6.93
2025-01,14XXXX,633118.0,2.53,4.5,6.93
2025-01,15BN03,657447.0,2.53,4.5,6.93
2025-01,15XXXX,2245.0,2.53,4.5,6.93
2025-01,16XXXX,36772.0,2.53,4.5,6.93
2025-02,01XXXX,25476867.0,3.35,4.5,6.93
2025-02,02XXXX,15038907.0,3.35,4.5,6.93
2025-02,03XXXX,821453.0,3.35,4.5,6.93
2025-02,04XXXX,133162272.0,3.35,4.5,6.93
2025-02,05XXXX,5741312.0,3.35,4.5,6.93
2025-02,06XXXX,18253697.0,3.35,4.5,6.93
2025-02,07PROU,41654768.0,3.35,4.5,6.93
2025-02,07SCUS,155670.0,3.35,4.5,6.93
2025-02,07XXXX,68925079.0,3.35,4.5,6.93
2025-02,08XXXX,4127796.0,3.35,4.5,6.93
2025-02,09XXXX,1653145.0,3.35,4.5,6.93
2025-02,10XXXX,331592.0,3.35,4.5,6.93
2025-02,12XXXX,633648.0,3.35,4.5,6.93
2025-02,14XXXX,512241.0,3.35,4.5,6.93
2025-02,15BN03,512039.0,3.35,4.5,6.93
2025-02,15GC30,1200.0,3.35,4.5,6.93
2025-02,15XXXX,2239.0,3.35,4.5,6.93
2025-02,16XXXX,21714.0,3.35,4.5,6.93
2025-03,01XXXX,29584775.0,3.13,4.5,6.93
2025-03,02XXXX,16491872.0,3.13,4.5,6.93
2025-03,03XXXX,1086234.0,3.13,4.5,6.93
2025-03,04XXXX,155226838.0,3.13,4.5,6.93
2025-03,05XXXX,6934197.0,3.13,4.5,6.93
2025-03,06XXXX,20606953.0,3.13,4.5,6.93
2025-03,07PROU,51595762.0,3.13,4.5,6.93
2025-03,07SCUS,422613.0,3.13,4.5,6.93
2025-03,07XXXX,98787408.0,3.13,4.5,6.93
2025-03,08XXXX,3529873.0,3.13,4.5,6.93
2025-03,09XXXX,3068924.0,3.13,4.5,6.93
2025-03,10XXXX,414384.0,3.13,4.5,6.93
2025-03,12XXXX,1899048.0,3.13,4.5,6.93
2025-03,14XXXX,605640.0,3.13,4.5,6.93
2025-03,15BN03,614031.0,3.13,4.5,6.93
2025-03,15GC30,240.0,3.13,4.5,6.93
2025-03,15XXXX,2875.0,3.13,4.5,6.93
2025-03,16XXXX,22585.0,3.13,4.5,6.93
2025-04,01XXXX,36287685.0,3.2,4.5,7.26
2025-04,02XXXX,20737603.0,3.2,4.5,7.26
2025-04,03XXXX,452738.0,3.2,4.5,7.26
2025-04,04XXXX,205699451.0,3.2,4.5,7.26
2025-04,05XXXX,7918111.0,3.2,4.5,7.26
2025-04,06XXXX,24365976.0,3.2,4.5,7.26
2025-04,07PROU,58686244.0,3.2,4.5,7.26
2025-04,07SCUS,596281.0,3.2,4.5,7.26
2025-04,07XXXX,114597635.0,3.2,4.5,7.26
2025-04,08XXXX,4005229.0,3.2,4.5,7.26
2025-04,09XXXX,4193614.0,3.2,4.5,7.26
2025-04,10XXXX,411454.0,3.2,4.5,7.26
2025-04,12XXXX,2218800.0,3.2,4.5,7.26
2025-04,14XXXX,716508.0,3.2,4.5,7.26
2025-04,15BN03,784190.0,3.2,4.5,7.26
2025-04,15GC30,720.0,3.2,4.5,7.26
2025-04,15XXXX,2306.0,3.2,4.5,7.26
2025-04,16XXXX,18675.0,3.2,4.5,7.26
2025-05,01XXXX,40585173.0,3.18,4.5,7.26
2025-05,02XXXX,18677450.0,3.18,4.5,7.26
2025-05,03XXXX,953184.0,3.18,4.5,7.26
2025-05,04XXXX,244278449.0,3.18,4.5,7.26
2025-05,05XXXX,9660752.0,3.18,4.5,7.26
2025-05,06XXXX,16422630.0,3.18,4.5,7.26
2025-05,07PROU,57548184.0,3.18,4.5,7.26
2025-05,07SCUS,535548.0,3.18,4.5,7.26
2025-05,07XXXX,112753892.0,3.18,4.5,7.26
2025-05,08XXXX,3263932.0,3.18,4.5,7.26
2025-05,09XXXX,3936211.0,3.18,4.5,7.26
2025-05,10XXXX,450163.0,3.18,4.5,7.26
2025-05,12XXXX,1586179.0,3.18,4.5,7.26
2025-05,14XXXX,917040.0,3.18,4.5,7.26
2025-05,15BN03,751382.0,3.18,4.5,7.26
2025-05,15XXXX,3042.0,3.18,4.5,7.26
2025-05,16XXXX,17022.0,3.18,4.5,7.26
2025-06,01XXXX,40636917.0,3.15,4.5,7.26
2025-06,02XXXX,19534115.0,3.15,4.5,7.26
2025-06,03XXXX,1175498.0,3.15,4.5,7.26
2025-06,04XXXX,217694969.0,3.15,4.5,7.26
2025-06,05XXXX,10085245.0,3.15,4.5,7.26
2025-06,06XXXX,16066469.0,3.15,4.5,7.26
2025-06,07PROU,56785495.0,3.15,4.5,7.26
2025-06,07SCUS,488290.0,3.15,4.5,7.26
2025-06,07XXXX,111896027.0,3.15,4.5,7.26
2025-06,08XXXX,3428358.0,3.15,4.5,7.26
2025-06,09XXXX,4356664.0,3.15,4.5,7.26
2025-06,10XXXX,448439.0,3.15,4.5,7.26
2025-06,12XXXX,1570628.0,3.15,4.5,7.26
2025-06,14XXXX,1127190.0,3.15,4.5,7.26
2025-06,15BN03,727374.0,3.15,4.5,7.26
2025-06,15GC30,960.0,3.15,4.5,7.26
2025-06,15XXXX,2312.0,3.15,4.5,7.26
2025-06,16XXXX,23071.0,3.15,4.5,7.26
2025-07,01XXXX,34314049.0,3.1,4.5,7.9
2025-07,02XXXX,18111733.0,3.1,4.5,7.9
2025-07,03XXXX,826629.0,3.1,4.5,7.9
2025-07,04XXXX,174891340.0,3.1,4.5,7.9
2025-07,05XXXX,10413581.0,3.1,4.5,7.9
2025-07,06XXXX,10549438.0,3.1,4.5,7.9
2025-07,07PROU,57822296.0,3.1,4.5,7.9
2025-07,07SCUS,583321.0,3.1,4.5,7.9
2025-07,07XXXX,112801787.0,3.1,4.5,7.9
2025-07,08XXXX,2281755.0,3.1,4.5,7.9
2025-07,09XXXX,4379308.0,3.1,4.5,7.9
2025-07,10XXXX,480956.0,3.1,4.5,7.9
2025-07,12XXXX,1445652.0,3.1,4.5,7.9
2025-07,14XXXX,952812.0,3.1,4.5,7.9
2025-07,15BN03,693639.0,3.1,4.5,7.9
2025-07,15GC30,24.0,3.1,4.5,7.9
2025-07,15XXXX,3367.0,3.1,4.5,7.9
2025-07,16XXXX,1175.0,3.1,4.5,7.9
2025-08,01XXXX,37688732.0,3.05,4.5,7.9
2025-08,02XXXX,19264150.0,3.05,4.5,7.9
2025-08,03XXXX,1104611.0,3.05,4.5,7.9
2025-08,04XXXX,203108766.0,3.05,4.5,7.9
2025-08,05XXXX,10344841.0,3.05,4.5,7.9
2025-08,06XXXX,13201485.0,3.05,4.5,7.9
2025-08,07PROU,60321975.0,3.05,4.5,7.9
2025-08,07SCUS,640309.0,3.05,4.5,7.9
2025-08,07XXXX,107321138.0,3.05,4.5,7.9
2025-08,08XXXX,2257233.0,3.05,4.5,7.9
2025-08,09XXXX,4389372.0,3.05,4.5,7.9
2025-08,10XXXX,552609.0,3.05,4.5,7.9
2025-08,12XXXX,1327624.0,3.05,4.5,7.9
2025-08,14XXXX,986007.0,3.05,4.5,7.9
2025-08,15BN03,717224.0,3.05,4.5,7.9
2025-08,15GC30,5280.0,3.05,4.5,7.9
2025-08,15XXXX,2387.0,3.05,4.5,7.9
2025-08,16XXXX,1019.0,3.05,4.5,7.9
2025-09,01XXXX,40564976.0,3.0,4.5,7.9
2025-09,02XXXX,17582809.0,3.0,4.5,7.9
2025-09,03XXXX,1160434.0,3.0,4.5,7.9
2025-09,04XXXX,202561453.0,3.0,4.5,7.9
2025-09,05XXXX,10792403.0,3.0,4.5,7.9
2025-09,06XXXX,15814650.0,3.0,4.5,7.9
2025-09,07PROU,57133346.0,3.0,4.5,7.9
2025-09,07SCUS,581720.0,3.0,4.5,7.9
2025-09,07XXXX,95216730.0,3.0,4.5,7.9
2025-09,08XXXX,3171419.0,3.0,4.5,7.9
2025-09,09XXXX,3466625.0,3.0,4.5,7.9
2025-09,10XXXX,451239.0,3.0,4.5,7.9
2025-09,12XXXX,931080.0,3.0,4.5,7.9
2025-09,14XXXX,690029.0,3.0,4.5,7.9
2025-09,15BN03,775687.0,3.0,4.5,7.9
2025-09,15XXXX,2712.0,3.0,4.5,7.9
2025-09,16XXXX,831.0,3.0,4.5,7.9
2025-10,01XXXX,41853610.0,3.25,4.5,8.5
2025-10,02XXXX,18623457.0,3.25,4.5,8.5
2025-10,03XXXX,1366585.0,3.25,4.5,8.5
2025-10,04XXXX,211355295.0,3.25,4.5,8.5
2025-10,05XXXX,13236376.0,3.25,4.5,8.5
2025-10,06XXXX,16148128.0,3.25,4.5,8.5
2025-10,07PROU,54975320.0,3.25,4.5,8.5
2025-10,07SCUS,637697.0,3.25,4.5,8.5
2025-10,07XXXX,91856994.0,3.25,4.5,8.5
2025-10,08XXXX,3779961.0,3.25,4.5,8.5
2025-10,09XXXX,2932027.0,3.25,4.5,8.5
2025-10,10XXXX,438115.0,3.25,4.5,8.5
2025-10,12XXXX,1147032.0,3.25,4.5,8.5
2025-10,14XXXX,636243.0,3.25,4.5,8.5
2025-10,15BN03,835960.0,3.25,4.5,8.5
2025-10,15GC30,960.0,3.25,4.5,8.5
2025-10,15XXXX,2597.0,3.25,4.5,8.5
2025-10,16XXXX,785.0,3.25,4.5,8.5
2025-11,01XXXX,28888792.0,3.28,4.5,8.5
2025-11,02XXXX,16214033.0,3.28,4.5,8.5
2025-11,03XXXX,808274.0,3.28,4.5,8.5
2025-11,04XXXX,181304645.0,3.28,4.5,8.5
2025-11,05XXXX,10606249.0,3.28,4.5,8.5
2025-11,06XXXX,12478820.0,3.28,4.5,8.5
2025-11,07PROU,41778978.0,3.28,4.5,8.5
2025-11,07SCUS,475172.0,3.28,4.5,8.5
2025-11,07XXXX,73642034.0,3.28,4.5,8.5
2025-11,08XXXX,2587849.0,3.28,4.5,8.5
2025-11,09XXXX,2305995.0,3.28,4.5,8.5
2025-11,10XXXX,389936.0,3.28,4.5,8.5
2025-11,12XXXX,892064.0,3.28,4.5,8.5
2025-11,14XXXX,572988.0,3.28,4.5,8.5
2025-11,15BN03,748522.0,3.28,4.5,8.5
2025-11,15GC30,960.0,3.28,4.5,8.5
2025-11,15XXXX,2424.0,3.28,4.5,8.5
2025-11,16XXXX,780.0,3.28,4.5,8.5
2025-12,01XXXX,43769033.0,3.31,4.5,8.5
2025-12,02XXXX,22054617.0,3.31,4.5,8.5
2025-12,03XXXX,1899334.0,3.31,4.5,8.5
2025-12,04XXXX,283102668.0,3.31,4.5,8.5
2025-12,05XXXX,12498203.0,3.31,4.5,8.5
2025-12,06XXXX,14787752.0,3.31,4.5,8.5
2025-12,07PROU,48966881.0,3.31,4.5,8.5
2025-12,07SCUS,445844.0,3.31,4.5,8.5
2025-12,07XXXX,85633479.0,3.31,4.5,8.5
2025-12,08XXXX,3685091.0,3.31,4.5,8.5
2025-12,09XXXX,2674586.0,3.31,4.5,8.5
2025-12,10XXXX,476163.0,3.31,4.5,8.5
2025-12,12XXXX,1252842.0,3.31,4.5,8.5
2025-12,14XXXX,592214.0,3.31,4.5,8.5
2025-12,15BN03,674579.0,3.31,4.5,8.5
2025-12,15GC30,960.0,3.31,4.5,8.5
2025-12,15XXXX,2076.0,3.31,4.5,8.5
2025-12,16XXXX,1680.0,3.31,4.5,8.5
2025-12,94LDXX,0.0,3.31,4.5,8.5
